Domain,MasterSkills
Cloud Engineer,"gcp,networking,aws,azure,kubernetes,docker,monitoring,cloud deployment,linux,cloud computing"
Machine Learning Engineer,"data preprocessing,deep learning,model deployment,machine learning,python,pytorch,feature engineering,docker,api development,tensorflow"
Data Engineer,"data warehousing,hadoop,python,big data,sql,airflow,data modeling,spark,cloud storage,etl pipelines"
Frontend Developer,"git,redux,javascript,typescript,css,responsive design,web performance,api integration,react,html"
Frontend Developer,"git,react,redux,html,responsive design,css,web performance,typescript,api integration,javascript"
Data Scientist,"scikit-learn,tensorflow,feature engineering,statistics,python,numpy,machine learning,model evaluation,deep learning,data visualization"
UI UX Designer,"usability testing,figma,wireframing,prototyping,user research,interaction design,visual design,design systems"
Data Engineer,"big data,hadoop,data warehousing,sql,spark,cloud storage,airflow,python,etl pipelines,data modeling"
DevOps Engineer,"kubernetes,docker,ci cd,terraform,linux,aws,monitoring,cloud deployment,github actions,bash scripting"
Backend Developer,"rest api,server management,api development,git,java,database design,authentication,sql,python,node.js"
Backend Developer,"rest api,sql,api development,node.js,server management,authentication,python,java,database design,git"
UI UX Designer,"wireframing,figma,interaction design,usability testing,design systems,visual design,prototyping,user research"
DevOps Engineer,"cloud deployment,bash scripting,monitoring,kubernetes,ci cd,docker,aws,terraform,github actions,linux"
Data Scientist,"scikit-learn,deep learning,python,statistics,tensorflow,machine learning,model evaluation,pandas,data visualization,numpy"
Backend Developer,"python,sql,node.js,rest api,database design,git,java,authentication,api development,server management"
Mobile App Developer,"flutter,debugging,dart,firebase,java,rest api,kotlin,deployment,mobile ui design,android studio"
Data Scientist,"data visualization,model evaluation,pandas,tensorflow,deep learning,python,statistics,machine learning,numpy,scikit-learn"
Cloud Engineer,"azure,gcp,cloud deployment,monitoring,cloud computing,docker,networking,aws,linux,kubernetes"
Data Analyst,"excel,data visualization,reporting,python,business analysis,sql,statistics,pandas,data cleaning,power bi"
Data Engineer,"python,etl pipelines,hadoop,big data,data warehousing,sql,spark,data modeling,airflow,cloud storage"
Backend Developer,"git,api development,python,authentication,node.js,java,rest api,server management,sql,database design"
DevOps Engineer,"github actions,ci cd,monitoring,aws,terraform,kubernetes,linux,docker,bash scripting,cloud deployment"
Frontend Developer,"css,git,react,web performance,api integration,typescript,javascript,html,redux,responsive design"
Data Engineer,"hadoop,python,data modeling,big data,airflow,etl pipelines,cloud storage,spark,sql,data warehousing"
Business Analyst,"reporting,dashboarding,power bi,sql,requirements gathering,tableau,data analysis,excel,business intelligence"
Machine Learning Engineer,"model deployment,pytorch,deep learning,docker,api development,data preprocessing,tensorflow,machine learning,python,feature engineering"
Mobile App Developer,"firebase,debugging,java,dart,rest api,deployment,android studio,flutter,kotlin,mobile ui design"
Data Analyst,"statistics,data visualization,pandas,tableau,reporting,dashboarding,excel,python,sql,business analysis"
Mobile App Developer,"firebase,rest api,debugging,dart,deployment,flutter,java,kotlin,mobile ui design,android studio"
Data Engineer,"python,hadoop,spark,data modeling,sql,data warehousing,airflow,big data,etl pipelines,cloud storage"
Cloud Engineer,"monitoring,kubernetes,gcp,docker,cloud deployment,networking,linux,azure,aws,cloud computing"
Frontend Developer,"html,api integration,css,typescript,javascript,responsive design,react,web performance,redux,git"
Data Engineer,"airflow,big data,sql,etl pipelines,hadoop,data warehousing,spark,cloud storage,python,data modeling"
Data Engineer,"python,data modeling,sql,airflow,big data,data warehousing,cloud storage,spark,etl pipelines,hadoop"
Data Engineer,"sql,cloud storage,airflow,data warehousing,hadoop,big data,data modeling,python,etl pipelines,spark"
Business Analyst,"power bi,requirements gathering,tableau,excel,reporting,sql,business intelligence,data analysis,dashboarding"
Software Engineer,"api development,data structures,testing,oop,java,system design,algorithms,git,debugging,python"
Full Stack Developer,"javascript,docker,git,html,react,css,api integration,mongodb,rest api,node.js"
Cybersecurity Analyst,"ethical hacking,incident response,linux,penetration testing,firewalls,cryptography,wireshark,security auditing,network security"
AI Engineer,"model deployment,tensorflow,computer vision,nlp,machine learning,pytorch,python,transformers,data preprocessing,deep learning"
Mobile App Developer,"mobile ui design,flutter,rest api,debugging,android studio,kotlin,firebase,java,deployment,dart"
Cybersecurity Analyst,"wireshark,ethical hacking,firewalls,cryptography,penetration testing,incident response,security auditing,linux,network security"
Cybersecurity Analyst,"linux,security auditing,ethical hacking,cryptography,penetration testing,incident response,firewalls,network security,wireshark"
Data Scientist,"scikit-learn,deep learning,machine learning,tensorflow,data visualization,feature engineering,python,pandas,numpy,model evaluation"
UI UX Designer,"usability testing,prototyping,user research,wireframing,interaction design,design systems,figma,visual design"
Data Engineer,"spark,etl pipelines,data modeling,big data,data warehousing,cloud storage,sql,hadoop,airflow,python"
Machine Learning Engineer,"api development,model deployment,machine learning,data preprocessing,python,tensorflow,docker,feature engineering,pytorch,deep learning"
Software Engineer,"git,algorithms,api development,data structures,java,testing,system design,debugging,oop,python"
UI UX Designer,"design systems,user research,figma,usability testing,prototyping,interaction design,wireframing,visual design"
DevOps Engineer,"kubernetes,terraform,aws,docker,bash scripting,linux,cloud deployment,monitoring,github actions,ci cd"
Data Engineer,"big data,data warehousing,airflow,hadoop,python,cloud storage,sql,etl pipelines,spark,data modeling"
Cloud Engineer,"aws,linux,cloud deployment,networking,azure,cloud computing,monitoring,kubernetes,docker,gcp"
UI UX Designer,"design systems,prototyping,user research,visual design,usability testing,wireframing,interaction design,figma"
Cybersecurity Analyst,"security auditing,ethical hacking,linux,network security,firewalls,cryptography,penetration testing,wireshark,incident response"
Machine Learning Engineer,"tensorflow,model deployment,pytorch,feature engineering,api development,docker,machine learning,deep learning,data preprocessing,python"
DevOps Engineer,"kubernetes,linux,github actions,bash scripting,monitoring,ci cd,aws,terraform,cloud deployment,docker"
Business Analyst,"business intelligence,excel,tableau,power bi,data analysis,requirements gathering,reporting,dashboarding,sql"
Full Stack Developer,"html,docker,sql,javascript,api integration,node.js,rest api,react,css,git"
Data Engineer,"spark,data modeling,python,etl pipelines,cloud storage,data warehousing,airflow,hadoop,sql,big data"
DevOps Engineer,"bash scripting,ci cd,aws,kubernetes,linux,monitoring,cloud deployment,github actions,terraform,docker"
Cloud Engineer,"linux,kubernetes,azure,cloud computing,aws,gcp,docker,monitoring,cloud deployment,networking"
Cybersecurity Analyst,"incident response,penetration testing,wireshark,cryptography,linux,security auditing,network security,firewalls,ethical hacking"
UI UX Designer,"usability testing,design systems,wireframing,interaction design,prototyping,figma,visual design,user research"
Machine Learning Engineer,"pytorch,model deployment,api development,machine learning,python,deep learning,feature engineering,data preprocessing,docker,tensorflow"
Business Analyst,"reporting,data analysis,business intelligence,tableau,excel,sql,dashboarding,power bi,requirements gathering"
Data Analyst,"reporting,data cleaning,pandas,business analysis,excel,statistics,python,data visualization,dashboarding,power bi"
Mobile App Developer,"android studio,rest api,kotlin,java,debugging,firebase,flutter,deployment,dart,mobile ui design"
Software Engineer,"git,oop,api development,data structures,java,debugging,python,testing,system design,algorithms"
UI UX Designer,"interaction design,figma,visual design,wireframing,usability testing,user research,prototyping,design systems"
Cloud Engineer,"cloud computing,kubernetes,networking,gcp,monitoring,azure,aws,cloud deployment,linux,docker"
UI UX Designer,"design systems,wireframing,usability testing,interaction design,visual design,prototyping,user research,figma"
Data Analyst,"python,dashboarding,excel,statistics,pandas,data cleaning,power bi,reporting,data visualization,business analysis"
Full Stack Developer,"react,html,rest api,css,mongodb,api integration,node.js,docker,javascript,git"
Data Analyst,"business analysis,data visualization,data cleaning,dashboarding,python,power bi,sql,excel,reporting,statistics"
Data Analyst,"sql,excel,dashboarding,tableau,reporting,statistics,python,data cleaning,power bi,data visualization"
Cybersecurity Analyst,"ethical hacking,security auditing,incident response,linux,wireshark,firewalls,cryptography,network security,penetration testing"
Data Engineer,"hadoop,etl pipelines,spark,sql,data modeling,airflow,python,cloud storage,data warehousing,big data"
Backend Developer,"server management,git,database design,sql,rest api,java,api development,python,node.js,authentication"
DevOps Engineer,"aws,ci cd,bash scripting,github actions,cloud deployment,kubernetes,docker,linux,terraform,monitoring"
Data Scientist,"pandas,python,deep learning,statistics,machine learning,feature engineering,numpy,data visualization,scikit-learn,model evaluation"
Frontend Developer,"web performance,responsive design,html,api integration,git,javascript,redux,typescript,react,css"
Cybersecurity Analyst,"security auditing,firewalls,incident response,penetration testing,network security,cryptography,linux,wireshark,ethical hacking"
Mobile App Developer,"android studio,firebase,deployment,dart,flutter,kotlin,rest api,java,debugging,mobile ui design"
Software Engineer,"git,java,testing,data structures,python,debugging,system design,algorithms,api development,oop"
AI Engineer,"python,computer vision,data preprocessing,transformers,deep learning,machine learning,pytorch,tensorflow,model deployment,nlp"
Data Analyst,"excel,data cleaning,data visualization,dashboarding,pandas,sql,statistics,reporting,business analysis,python"
Data Analyst,"business analysis,sql,statistics,data cleaning,python,reporting,tableau,data visualization,excel,dashboarding"
Machine Learning Engineer,"deep learning,api development,python,tensorflow,docker,feature engineering,machine learning,data preprocessing,pytorch,model deployment"
Mobile App Developer,"firebase,android studio,dart,deployment,mobile ui design,debugging,kotlin,flutter,java,rest api"
Cloud Engineer,"aws,linux,monitoring,networking,cloud deployment,cloud computing,kubernetes,docker,gcp,azure"
Business Analyst,"power bi,dashboarding,data analysis,sql,reporting,business intelligence,requirements gathering,tableau,excel"
Frontend Developer,"typescript,redux,api integration,responsive design,css,javascript,web performance,git,react,html"
Machine Learning Engineer,"docker,tensorflow,pytorch,python,deep learning,feature engineering,api development,machine learning,data preprocessing,model deployment"
AI Engineer,"transformers,nlp,machine learning,computer vision,tensorflow,deep learning,model deployment,python,pytorch,data preprocessing"
Mobile App Developer,"flutter,debugging,android studio,deployment,rest api,mobile ui design,dart,java,firebase,kotlin"
Data Engineer,"etl pipelines,airflow,cloud storage,sql,spark,data warehousing,hadoop,big data,python,data modeling"
Software Engineer,"java,git,testing,debugging,algorithms,python,oop,system design,api development,data structures"
Cybersecurity Analyst,"penetration testing,network security,wireshark,ethical hacking,incident response,security auditing,linux,firewalls,cryptography"
Frontend Developer,"typescript,html,react,git,javascript,api integration,css,redux,responsive design,web performance"
Mobile App Developer,"java,firebase,flutter,debugging,android studio,mobile ui design,rest api,deployment,dart,kotlin"
Business Analyst,"dashboarding,tableau,sql,reporting,power bi,requirements gathering,business intelligence,excel,data analysis"
Backend Developer,"python,rest api,git,sql,database design,api development,authentication,node.js,server management,java"
Business Analyst,"sql,power bi,reporting,data analysis,excel,requirements gathering,business intelligence,tableau,dashboarding"
AI Engineer,"model deployment,python,nlp,computer vision,data preprocessing,machine learning,deep learning,pytorch,tensorflow,transformers"
Software Engineer,"testing,api development,oop,debugging,algorithms,python,java,system design,git,data structures"
Data Analyst,"excel,data visualization,power bi,business analysis,sql,reporting,tableau,pandas,data cleaning,statistics"
Cybersecurity Analyst,"firewalls,security auditing,penetration testing,network security,wireshark,incident response,linux,ethical hacking,cryptography"
Data Analyst,"statistics,power bi,sql,tableau,reporting,pandas,python,data cleaning,data visualization,business analysis"
Data Scientist,"model evaluation,statistics,feature engineering,pandas,data visualization,tensorflow,machine learning,numpy,deep learning,scikit-learn"
UI UX Designer,"figma,interaction design,visual design,user research,wireframing,usability testing,design systems,prototyping"
Full Stack Developer,"sql,docker,react,node.js,mongodb,api integration,rest api,css,javascript,html"
Software Engineer,"system design,debugging,api development,testing,oop,git,data structures,python,algorithms,java"
Frontend Developer,"react,redux,javascript,git,web performance,api integration,css,typescript,html,responsive design"
Full Stack Developer,"api integration,docker,sql,mongodb,git,javascript,css,rest api,react,node.js"
Machine Learning Engineer,"tensorflow,machine learning,python,docker,pytorch,deep learning,data preprocessing,model deployment,api development,feature engineering"
Cloud Engineer,"kubernetes,networking,aws,cloud computing,cloud deployment,docker,azure,monitoring,linux,gcp"
Data Scientist,"feature engineering,python,statistics,deep learning,data visualization,machine learning,numpy,tensorflow,scikit-learn,model evaluation"
Cloud Engineer,"azure,gcp,cloud deployment,monitoring,kubernetes,linux,cloud computing,docker,aws,networking"
Software Engineer,"python,data structures,oop,system design,git,java,testing,debugging,algorithms,api development"
Cloud Engineer,"azure,cloud computing,linux,aws,monitoring,docker,kubernetes,cloud deployment,networking,gcp"
DevOps Engineer,"github actions,kubernetes,cloud deployment,linux,aws,docker,monitoring,bash scripting,ci cd,terraform"
Data Scientist,"deep learning,pandas,statistics,machine learning,model evaluation,numpy,data visualization,python,feature engineering,tensorflow"
Mobile App Developer,"firebase,rest api,mobile ui design,flutter,kotlin,debugging,dart,java,android studio,deployment"
Machine Learning Engineer,"feature engineering,docker,python,api development,model deployment,pytorch,deep learning,tensorflow,machine learning,data preprocessing"
Data Scientist,"machine learning,python,feature engineering,numpy,scikit-learn,pandas,data visualization,statistics,tensorflow,deep learning"
AI Engineer,"deep learning,tensorflow,computer vision,pytorch,machine learning,transformers,model deployment,nlp,python,data preprocessing"
Machine Learning Engineer,"model deployment,deep learning,machine learning,python,tensorflow,feature engineering,docker,pytorch,data preprocessing,api development"
Data Engineer,"hadoop,data warehousing,cloud storage,airflow,python,spark,sql,big data,etl pipelines,data modeling"
Cloud Engineer,"kubernetes,cloud computing,azure,linux,monitoring,networking,aws,docker,cloud deployment,gcp"
Data Analyst,"dashboarding,data visualization,statistics,reporting,excel,data cleaning,sql,business analysis,python,tableau"
AI Engineer,"computer vision,nlp,deep learning,tensorflow,model deployment,machine learning,data preprocessing,pytorch,python,transformers"
Machine Learning Engineer,"deep learning,pytorch,docker,model deployment,machine learning,data preprocessing,api development,tensorflow,feature engineering,python"
Frontend Developer,"css,responsive design,react,api integration,typescript,web performance,html,redux,git,javascript"
AI Engineer,"deep learning,pytorch,data preprocessing,machine learning,python,nlp,transformers,model deployment,computer vision,tensorflow"
Data Analyst,"sql,pandas,python,data cleaning,tableau,business analysis,dashboarding,reporting,power bi,excel"
Cloud Engineer,"azure,kubernetes,cloud deployment,monitoring,docker,aws,cloud computing,linux,networking,gcp"
Mobile App Developer,"kotlin,rest api,java,flutter,android studio,debugging,deployment,dart,mobile ui design,firebase"
Cloud Engineer,"cloud deployment,monitoring,docker,kubernetes,aws,cloud computing,linux,networking,azure,gcp"
Cybersecurity Analyst,"network security,linux,ethical hacking,firewalls,cryptography,penetration testing,security auditing,incident response,wireshark"
Data Scientist,"scikit-learn,machine learning,tensorflow,numpy,pandas,data visualization,statistics,feature engineering,python,model evaluation"